Symbol,Name,Price,Market Cap,Volume
00632R.TW,Yuanta Daily Taiwan 50 Bear -1X ETF,3.29,30053533696.0,117132547.0
SOXL,Direxion Daily Semiconductor Bull 3X Shares,31.67,9351418880.0,57034366.0
SOXS,Direxion Daily Semiconductor Bear 3X Shares,21.43,884428800.0,28158903.0
XLF,The Financial Select Sector SPDR Fund,49.74,44671885312.0,15042002.0
SPY,SPDR S&P 500 ETF Trust,596.9,585431908352.0,14927796.0
GDX,VanEck Gold Miners ETF,36.11,15157399552.0,13145168.0
EEM,iShares MSCI Emerging Markets ETF,43.47,18030383104.0,12417846.0
KWEB,KraneShares CSI China Internet ETF,30.65,7085177856.0,12124907.0
QQQ,Invesco QQQ Trust,512.91,291865886720.0,10793846.0
TMF,Direxion Daily 20+ Year Treasury Bull 3X Shares,45.33,6032657920.0,10592280.0
AGG,iShares Core U.S. Aggregate Bond ETF,97.71,118659514368.0,9214378.0
UGAZ,VelocityShares 3x Long Natural Gas ETN Linked to the S&P GSCI Natural Gas Index ER,10.82,,8334503.0
KRE,SPDR S&P Regional Banking ETF,66.6,3618949632.0,7575447.0
EFA,iShares MSCI EAFE ETF,77.71,55114129408.0,7561278.0
00636.TW,Cathay FTSE China A50 ETF,23.53,4172355328.0,7087428.0
SCHF,Schwab International Equity ETF,19.24,40382337024.0,5892856.0
XLE,The Energy Select Sector SPDR Fund,93.78,35340095488.0,5747749.0
INDA,iShares MSCI India ETF,53.81,10623492096.0,5585375.0
ASHR,Xtrackers Harvest CSI 300 China A-Shares ETF,27.92,3457444352.0,5328122.0
IEMG,iShares Core MSCI Emerging Markets ETF,54.44,81876738048.0,4534986.0
IJH,iShares Core S&P Mid-Cap ETF,65.81,91388469248.0,4292169.0
VWO,Vanguard Emerging Markets Stock Index Fund,45.73,112966000640.0,4230728.0
XLU,The Utilities Select Sector SPDR Fund,78.49,18338772992.0,3889303.0
MORL,UBS ETRACS Monthly Pay 2xLeveraged Mortgage REIT ETN,0.25,236786112.0,3691069.0
GOVT,iShares U.S. Treasury Bond ETF,22.61,28745730048.0,3291909.0
IGV,iShares Expanded Tech-Software Sector ETF,104.09,6930097664.0,3282050.0
SCHX,Schwab U.S. Large-Cap ETF,23.65,49450053632.0,3230227.0
XLI,The Industrial Select Sector SPDR Fund,141.96,19834613760.0,3229789.0
XLRE,The Real Estate Select Sector SPDR Fund,42.98,7996356096.0,3155314.0
SCHA,Schwab U.S. Small-Cap ETF,27.59,17919463424.0,3105779.0
EWY,iShares MSCI South Korea ETF,56.85,4424151552.0,3008926.0
IRY,,50.372,,2854806.0
SGOL,abrdn Physical Gold Shares ETF,24.83,3916352000.0,2789072.0
SMH,VanEck Semiconductor ETF,251.86,23852523520.0,2767457.0
SCHG,Schwab U.S. Large-Cap Growth ETF,27.79,33192323072.0,2744357.0
RSP,Invesco S&P 500 Equal Weight ETF,183.61,66063659008.0,2681706.0
IJR,iShares Core S&P Small-Cap ETF,124.32,84500578304.0,2556710.0
SILJ,Amplify Junior Silver Miners ETF,12.24,1155375616.0,2455987.0
GDXJ,VanEck Junior Gold Miners ETF,45.98,5704572928.0,2427091.0
DRIP,Direxion Daily S&P Oil & Gas Exp. & Prod. Bear 2X Shares,9.82,40222716.0,2385213.0
KORU,Direxion Daily South Korea Bull 3X Shares,4.71,55187632.0,2380676.0
PDBC,Invesco Optimum Yield Diversified Commodity Strategy No K-1 ETF,13.3,4523916800.0,2290657.0
BIL,SPDR Bloomberg 1-3 Month T-Bill ETF,91.58,33638907904.0,2187777.0
ICLN,iShares Global Clean Energy ETF,12.01,1905174144.0,2117086.0
IYR,iShares U.S. Real Estate ETF,97.89,5011353088.0,2064530.0
PGX,Invesco Preferred ETF,12.05,4458652672.0,1984491.0
SHV,iShares Short Treasury Bond ETF,110.26,18262251520.0,1964100.0
SCHP,Schwab U.S. TIPS ETF,26.14,11581575168.0,1882378.0
VOO,Vanguard S&P 500 ETF,548.75,1278487953408.0,1846802.0
MCHI,iShares MSCI China ETF,47.86,6189669376.0,1841598.0
VEU,Vanguard FTSE All-World ex-US Index Fund ETF Shares,59.22,56741834752.0,1824584.0
XRT,SPDR S&P Retail ETF,79.58,374548224.0,1818669.0
SCHH,Schwab U.S. REIT ETF,22.26,7813876224.0,1807282.0
XGD.TO,iShares S&P/TSX Global Gold Index ETF,21.45,1379161856.0,1742422.0
VXX,iPath Series B S&P 500 VIX Short-Term Futures ETN,44.52,372232000.0,1728809.0
KOLD,ProShares UltraShort Bloomberg Natural Gas,70.66,103688016.0,1702133.0
EWJ,iShares MSCI Japan ETF,68.5,14256965632.0,1686819.0
VTEB,Vanguard Tax-Exempt Bond Index Fund ETF Shares,50.34,37776060416.0,1685427.0
IUSB,iShares Core Total USD Bond Market ETF,45.56,33201362944.0,1544664.0
EMLC,VanEck J.P. Morgan EM Local Currency Bond ETF,23.68,2821867776.0,1540229.0
VTI,Vanguard Total Stock Market Index Fund ETF Shares,296.37,1733059411968.0,1537466.0
MBB,iShares MBS ETF,92.31,33877118976.0,1529056.0
XLB,The Materials Select Sector SPDR Fund,92.46,5670087168.0,1517118.0
EWH,iShares MSCI Hong Kong ETF,17.47,666664320.0,1499391.0
SOXX,iShares Semiconductor ETF,223.11,13832958976.0,1481353.0
FEZ,SPDR EURO STOXX 50 ETF,48.16,3643417344.0,1477573.0
IXUS,iShares Core MSCI Total International Stock ETF,68.33,37888712704.0,1467566.0
XLK,The Technology Select Sector SPDR Fund,236.15,69398495232.0,1436272.0
USFR,WisdomTree Floating Rate Treasury Fund,50.34,16831632384.0,1415920.0
XOP,SPDR S&P Oil & Gas Exploration & Production ETF,140.75,2411393536.0,1408312.0
EZU,iShares MSCI Eurozone ETF,47.47,7298889216.0,1387091.0
URA,Global X Uranium ETF,30.72,3611342592.0,1378509.0
QYLD,Global X NASDAQ 100 Covered Call ETF,18.55,8100160512.0,1309198.0
HOU.TO,BetaPro Crude Oil Daily Bull ETF,11.17,116588336.0,1305192.0
DIA,SPDR Dow Jones Industrial Average ETF Trust,439.39,35246219264.0,1225195.0
IVV,iShares Core S&P 500 ETF,599.75,537603833856.0,1218315.0
VNQ,Vanguard Real Estate Index Fund ETF Shares,94.08,68882079744.0,1205506.0
EWT,iShares MSCI Taiwan ETF,54.03,5811296768.0,1195869.0
XHB,SPDR S&P Homebuilders ETF,116.16,2164467712.0,1191865.0
ACWI,iShares MSCI ACWI ETF,120.55,18979438592.0,1157029.0
XLY,The Consumer Discretionary Select Sector SPDR Fund,216.53,19954391040.0,1156600.0
VCLT,Vanguard Long-Term Corporate Bond Index Fund ETF Shares,77.12,15286692864.0,1145665.0
COPX,Global X Copper Miners ETF,41.93,2554163968.0,1142940.0
EWU,iShares MSCI United Kingdom ETF,34.63,3211082240.0,1137872.0
UDOW,ProShares UltraPro Dow30,105.51,634817600.0,1107095.0
ARKG,ARK Genomic Revolution ETF,26.0,1178579968.0,1046925.0
SJNK,SPDR Bloomberg Short Term High Yield Bond ETF,25.51,4959531520.0,1041161.0
EWW,iShares MSCI Mexico ETF,50.58,1321575680.0,1009724.0
XIU.TO,iShares S&P/TSX 60 Index ETF,37.97,14049489920.0,986231.0
STIP,iShares 0-5 Year TIPS Bond ETF,100.57,8105918976.0,914131.0
FNDX,Schwab Fundamental U.S. Large Company ETF,24.63,16998427648.0,907829.0
VTV,Vanguard Value Index Fund ETF Shares,177.77,183580000256.0,895882.0
SRLN,SPDR Blackstone Senior Loan ETF,41.87,6629313024.0,884503.0
EFV,iShares MSCI EAFE Value ETF,53.76,19090374656.0,881586.0
IS04.DE,iShares $ Treasury Bond 20+yr UCITS ETF USD (Dist),3.2214,,877475.0
VGK,Vanguard FTSE Europe ETF,65.13,24528115712.0,877120.0
JETS,U.S. Global Jets ETF,24.72,1031854720.0,864775.0
SCHO,Schwab Short-Term U.S. Treasury ETF,24.12,11537959936.0,863982.0
BSCL,Invesco BulletShares 2021 Corporate Bond ETF,21.06,1616985344.0,856659.0
FNDF,Schwab Fundamental International Equity ETF,34.75,13598900224.0,851275.0
